**Provincie**|**14-03-2020**|**15-03-2020**|**16-03-2020**|**17-03-2020**|**18-03-2020**
:-|:-|:-|:-|:-|:-
**Drenthe**|15.0|15.0|16.0|17|22
**Flevoland**|14.0|19.0|22.0|24|30
**Friesland**|8.0|10.0|13.0|14|18
**Gelderland**|76.0|100.0|135.0|173|210
**Groningen**|4.0|9.0|10.0|10|15
**Limburg**|104.0|129.0|149.0|197|258
**Noord-Brabant**|403.0|446.0|554.0|634|728
**Noord-Holland**|83.0|90.0|115.0|151|173
**Overijssel**|23.0|28.0|36.0|45|58
**Utrecht**|87.0|109.0|140.0|173|197
**Zeeland**|10.0|12.0|17.0|20|26
**Zuid-Holland**|95.0|110.0|136.0|175|232
